Delta,Time,CPU_FREQUENCY_0,CPU_FREQUENCY_1,CPU_FREQUENCY_10,CPU_FREQUENCY_2,CPU_FREQUENCY_3,CPU_FREQUENCY_4,CPU_FREQUENCY_5,CPU_FREQUENCY_6,CPU_FREQUENCY_7,CPU_FREQUENCY_8,CPU_FREQUENCY_9,CPU_TEMP_0,CPU_TEMP_1,CPU_TEMP_2,CPU_TEMP_3,CPU_TEMP_4,CPU_TEMP_5,CPU_USAGE_0,CPU_USAGE_1,CPU_USAGE_10,CPU_USAGE_2,CPU_USAGE_3,CPU_USAGE_4,CPU_USAGE_5,CPU_USAGE_6,CPU_USAGE_7,CPU_USAGE_8,CPU_USAGE_9,SYSTEM_POWER (Watts),TOTAL_MEMORY,TOTAL_SWAP,USED_MEMORY,USED_SWAP
0,1743250590863,4056,4056,4056,4056,4056,4056,4056,4056,4056,4056,4056,38.5,40.53120040893555,40.631614685058594,40.493896484375,43.16873550415039,43.046051025390625,0,0,0,0,0,0,0,0,0,0,0,3.8946423530578613,19327352832,1073741824,10813440000,132972544
209,1743250590863,4056,4056,4056,4056,4056,4056,4056,4056,4056,4056,4056,38.5,40.53120040893555,40.631614685058594,40.493896484375,43.16873550415039,43.046051025390625,0,100,0,100,NaN,0,NaN,0,0,0,0,3.8946423530578613,19327352832,1073741824,10816159744,132972544
200,1743250591074,4056,4056,4056,4056,4056,4056,4056,4056,4056,4056,4056,38.5,40.53120040893555,40.631614685058594,40.493896484375,43.16873550415039,43.046051025390625,23.809524536132813,15.000000953674316,28.571430206298828,5.263157844543457,4.761904716491699,5,9.090909004211426,28.571430206298828,20,42.85714340209961,28.571430206298828,3.8946423530578613,19327352832,1073741824,10826661888,132972544
203,1743250591274,4056,4056,4056,4056,4056,4056,4056,4056,4056,4056,4056,38.5,40.53120040893555,40.631614685058594,40.493896484375,43.16873550415039,43.046051025390625,36.842105865478516,40,35,40.90909194946289,36.842105865478516,35,35,35,38.095237731933594,95,40,3.886080026626587,19327352832,1073741824,10826874880,132972544
200,1743250591478,4056,4056,4056,4056,4056,4056,4056,4056,4056,4056,4056,38.5,40.53120040893555,40.631614685058594,40.493896484375,43.16873550415039,43.046051025390625,15.000000953674316,15.000000953674316,5.263157844543457,10.526315689086914,14.285715103149414,9.523809432983398,5,5,5.263157844543457,10,95.23809814453125,3.886080026626587,19327352832,1073741824,10827005952,132972544
208,1743250591679,4056,4056,4056,4056,4056,4056,4056,4056,4056,4056,4056,38.5,40.53120040893555,40.631614685058594,40.493896484375,43.16873550415039,43.046051025390625,50,45,42.85714340209961,40,45,45,45,45,47.619049072265625,65,70,3.886080026626587,19327352832,1073741824,10827022336,132972544
204,1743250591888,4056,4056,4056,4056,4056,4056,4056,4056,4056,4056,4056,42.59375,42.80442810058594,42.995025634765625,42.5949821472168,46.49665451049805,44.66168975830078,10,4.761904716491699,0,4.761904716491699,0,0,0,0,0,100,0,3.886080026626587,19327352832,1073741824,10741481472,132972544
204,1743250592093,4056,4056,4056,4056,4056,4056,4056,4056,4056,4056,4056,42.59375,42.80442810058594,42.995025634765625,42.5949821472168,46.49665451049805,44.66168975830078,5,10,0,4.761904716491699,5,0,0,4.761904716491699,0,100,0,3.886080026626587,19327352832,1073741824,10745135104,132972544
204,1743250592298,4056,4056,4056,4056,4056,4056,4056,4056,4056,4056,4056,42.59375,42.80442810058594,42.995025634765625,42.5949821472168,46.49665451049805,44.66168975830078,30.000001907348633,25,25,23.809524536132813,35,15.000000953674316,10.526315689086914,23.809524536132813,23.809524536132813,31.57894515991211,85,4.436356067657471,19327352832,1073741824,10745708544,132972544
207,1743250592503,4056,4056,4056,4056,4056,4056,4056,4056,4056,4056,4056,42.59375,42.80442810058594,42.995025634765625,42.5949821472168,46.49665451049805,44.66168975830078,75,71.42857360839844,80,66.66667175292969,66.66667175292969,55,27.272727966308594,80,85,85.71428680419922,81.81818389892578,4.436356067657471,19327352832,1073741824,10745577472,132972544
203,1743250592710,4056,4056,4056,4056,4056,4056,4056,4056,4056,4056,4056,42.59375,42.80442810058594,42.995025634765625,42.5949821472168,46.49665451049805,44.66168975830078,75,65,85.71428680419922,65,60.000003814697266,57.142860412597656,20,85,85.71428680419922,80.95238494873047,85,4.436356067657471,19327352832,1073741824,10745528320,132972544
204,1743250592914,4056,4056,4056,4056,4056,4056,4056,4056,4056,4056,4056,45.71875,48.337677001953125,47.8776741027832,47.4555549621582,53.15038299560547,46.905067443847656,80,72.22222137451172,85,66.66667175292969,63.15789031982422,57.894737243652344,25,85.71428680419922,84.21052551269531,84.21052551269531,85,4.436356067657471,19327352832,1073741824,10745528320,132972544
206,1743250593118,4056,4056,4056,4056,4056,4056,4056,4056,4056,4056,4056,45.71875,48.337677001953125,47.8776741027832,47.4555549621582,53.15038299560547,46.905067443847656,75,70,85.71428680419922,68.42105102539063,66.66667175292969,60.000003814697266,25,84.21052551269531,85.71428680419922,85.71428680419922,85,4.436356067657471,19327352832,1073741824,10743513088,132972544
209,1743250593325,4056,4056,4056,4056,4056,4056,4056,4056,4056,4056,4056,45.71875,48.337677001953125,47.8776741027832,47.4555549621582,53.15038299560547,46.905067443847656,75,66.66667175292969,80,65,60.000003814697266,60.000003814697266,30.000001907348633,77.2727279663086,80,85,80,11.952921867370605,19327352832,1073741824,10743365632,132972544
208,1743250593535,4056,4056,4056,4056,4056,4056,4056,4056,4056,4056,4056,45.71875,48.337677001953125,47.8776741027832,47.4555549621582,53.15038299560547,46.905067443847656,75,66.66667175292969,80,61.904762268066406,65,57.142860412597656,31.81818199157715,80,85.71428680419922,80.95238494873047,80.95238494873047,11.952921867370605,19327352832,1073741824,10743037952,132972544
199,1743250593743,4056,4056,4056,4056,4056,4056,4056,4056,4056,4056,4056,45.71875,48.337677001953125,47.8776741027832,47.4555549621582,53.15038299560547,46.905067443847656,71.42857360839844,73.68421173095703,81.81818389892578,65,60.000003814697266,60.000003814697266,30.000001907348633,85.71428680419922,85,80.95238494873047,80,11.952921867370605,19327352832,1073741824,10743070720,132972544
205,1743250593943,4056,4056,4056,4056,4056,4056,4056,4056,4056,4056,4056,46.6875,54.70825958251953,53.54043960571289,53.22649383544922,60.736759185791016,49.519309997558594,78.94737243652344,70,89.47368621826172,68.42105102539063,65,52.6315803527832,30.000001907348633,84.21052551269531,80.95238494873047,84.21052551269531,81.81818389892578,11.952921867370605,19327352832,1073741824,10742972416,132972544
201,1743250594149,4056,4056,4056,4056,4056,4056,4056,4056,4056,4056,4056,46.6875,54.70825958251953,53.54043960571289,53.22649383544922,60.736759185791016,49.519309997558594,75,70,80.95238494873047,66.66667175292969,63.15789031982422,55,25,80.95238494873047,85.71428680419922,81.81818389892578,84.21052551269531,11.952921867370605,19327352832,1073741824,10743103488,132972544
201,1743250594352,4056,4056,4056,4056,4056,4056,4056,4056,4056,4056,4056,46.6875,54.70825958251953,53.54043960571289,53.22649383544922,60.736759185791016,49.519309997558594,80,70,85,70,63.15789031982422,50,25,85.71428680419922,84.21052551269531,84.21052551269531,85,18.822608947753906,19327352832,1073741824,10743103488,132972544
206,1743250594553,4056,4056,4056,4056,4056,4056,4056,4056,4056,4056,4056,46.6875,54.70825958251953,53.54043960571289,53.22649383544922,60.736759185791016,49.519309997558594,73.68421173095703,68.42105102539063,84.21052551269531,61.11111068725586,65,55,28.571430206298828,84.21052551269531,80.95238494873047,85,80.95238494873047,18.822608947753906,19327352832,1073741824,10743119872,132972544
201,1743250594759,4056,4056,4056,4056,4056,4056,4056,4056,4056,4056,4056,46.6875,54.70825958251953,53.54043960571289,53.22649383544922,60.736759185791016,49.519309997558594,75,70,80.95238494873047,66.66667175292969,61.904762268066406,60.000003814697266,26.3157901763916,85.71428680419922,80,85,85,18.822608947753906,19327352832,1073741824,10743103488,132972544
209,1743250594960,4056,4056,4056,4056,4056,4056,4056,4056,4056,4056,4056,46.921875,55.27647399902344,53.894561767578125,53.691429138183594,61.00105285644531,49.95790481567383,73.68421173095703,68.42105102539063,80,65,63.15789031982422,52.6315803527832,33.333335876464844,84.21052551269531,78.94737243652344,80.95238494873047,80,18.822608947753906,19327352832,1073741824,10743087104,132972544
209,1743250595170,4056,4056,4056,4056,4056,4056,4056,4056,4056,4056,4056,46.921875,55.27647399902344,53.894561767578125,53.691429138183594,61.00105285644531,49.95790481567383,71.42857360839844,66.66667175292969,81.81818389892578,65,60.000003814697266,60.000003814697266,23.809524536132813,80.95238494873047,80.95238494873047,90.47618865966797,80,18.822608947753906,19327352832,1073741824,10743136256,132972544
204,1743250595380,4056,4056,4056,4056,4056,4056,4056,4056,4056,4056,4056,46.921875,55.27647399902344,53.894561767578125,53.691429138183594,61.00105285644531,49.95790481567383,76.19047546386719,78.94737243652344,90,70,71.42857360839844,63.6363639831543,42.85714340209961,86.36363983154297,85.71428680419922,85,90.47618865966797,23.097152709960938,19327352832,1073741824,10743119872,132972544
209,1743250595585,4056,4056,4056,4056,4056,4056,4056,4056,4056,4056,4056,46.921875,55.27647399902344,53.894561767578125,53.691429138183594,61.00105285644531,49.95790481567383,73.68421173095703,66.66667175292969,80,63.15789031982422,60.000003814697266,52.6315803527832,25,85,80.95238494873047,80,80.95238494873047,23.097152709960938,19327352832,1073741824,10743119872,132972544
206,1743250595794,4056,4056,4056,4056,4056,4056,4056,4056,4056,4056,4056,47.40625,55.699703216552734,54.158817291259766,54.17673110961914,61.207393646240234,50.32928466796875,75,70,85.71428680419922,66.66667175292969,65,60.000003814697266,25,80,85,85.71428680419922,85,23.097152709960938,19327352832,1073741824,10743087104,132972544
202,1743250596001,4056,4056,4056,4056,4056,4056,4056,4056,4056,4056,4056,47.40625,55.699703216552734,54.158817291259766,54.17673110961914,61.207393646240234,50.32928466796875,76.19047546386719,71.42857360839844,85,66.66667175292969,63.15789031982422,55,33.333335876464844,85.71428680419922,80.95238494873047,85,80.95238494873047,23.097152709960938,19327352832,1073741824,10743889920,132972544
206,1743250596204,4056,4056,4056,4056,4056,4056,4056,4056,4056,4056,4056,47.40625,55.699703216552734,54.158817291259766,54.17673110961914,61.207393646240234,50.32928466796875,75,70,80.95238494873047,68.42105102539063,65,57.894737243652344,26.3157901763916,75,85,80.95238494873047,84.21052551269531,23.097152709960938,19327352832,1073741824,10743857152,132972544
208,1743250596410,4056,4056,4056,4056,4056,4056,4056,4056,4056,4056,4056,47.40625,55.699703216552734,54.158817291259766,54.17673110961914,61.207393646240234,50.32928466796875,75,70,85,66.66667175292969,61.904762268066406,57.142860412597656,28.571430206298828,85.71428680419922,80.95238494873047,85,80.95238494873047,23.017715454101563,19327352832,1073741824,10743939072,132972544
209,1743250596619,4056,4056,4056,4056,4056,4056,4056,4056,4056,4056,4056,47.40625,55.699703216552734,54.158817291259766,54.17673110961914,61.207393646240234,50.32928466796875,75,70,81.81818389892578,68.42105102539063,65,55,23.809524536132813,85,85.71428680419922,81.81818389892578,81.81818389892578,23.017715454101563,19327352832,1073741824,10743873536,132972544
209,1743250596828,4056,4056,4056,4056,4056,4056,4056,4056,4056,4056,4056,47.640625,55.8743782043457,54.795166015625,54.54176712036133,62.108943939208984,50.895015716552734,71.42857360839844,70,84.21052551269531,65,61.904762268066406,57.142860412597656,23.809524536132813,80.95238494873047,84.21052551269531,85,89.47368621826172,23.017715454101563,19327352832,1073741824,10743873536,132972544
209,1743250597038,4056,4056,4056,4056,4056,4056,4056,4056,4056,4056,4056,47.640625,55.8743782043457,54.795166015625,54.54176712036133,62.108943939208984,50.895015716552734,78.94737243652344,71.42857360839844,80.95238494873047,66.66667175292969,65,55,23.809524536132813,80.95238494873047,82.60869598388672,85.71428680419922,86.36363983154297,23.017715454101563,19327352832,1073741824,10743873536,132972544
207,1743250597248,4056,4056,4056,4056,4056,4056,4056,4056,4056,4056,4056,47.640625,55.8743782043457,54.795166015625,54.54176712036133,62.108943939208984,50.895015716552734,71.42857360839844,70,80.95238494873047,71.42857360839844,65,57.142860412597656,30.000001907348633,85,80,85.71428680419922,85,23.017715454101563,19327352832,1073741824,10743808000,132972544
209,1743250597455,4056,4056,4056,4056,4056,4056,4056,4056,4056,4056,4056,47.640625,55.8743782043457,54.795166015625,54.54176712036133,62.108943939208984,50.895015716552734,75,65,85,65,57.142860412597656,60.000003814697266,33.333335876464844,81.81818389892578,85,80.95238494873047,80.95238494873047,23.02734375,19327352832,1073741824,10743808000,132972544
209,1743250597665,4056,4056,4056,4056,4056,4056,4056,4056,4056,4056,4056,47.640625,55.8743782043457,54.795166015625,54.54176712036133,62.108943939208984,50.895015716552734,75,71.42857360839844,86.36363983154297,65,65,55,25,80,81.81818389892578,85.71428680419922,80.95238494873047,23.02734375,19327352832,1073741824,10743398400,132972544
209,1743250597875,4056,4056,4056,4056,4056,4056,4056,4056,4056,4056,4056,48.125,56.14353561401367,54.99223709106445,54.796783447265625,62.30413055419922,51.28444290161133,71.42857360839844,66.66667175292969,85,70,65,60.000003814697266,36.3636360168457,85,85,85,85,23.02734375,19327352832,1073741824,10743398400,132972544
205,1743250598084,4056,4056,4056,4056,4056,4056,4056,4056,4056,4056,4056,48.125,56.14353561401367,54.99223709106445,54.796783447265625,62.30413055419922,51.28444290161133,80,75,85,66.66667175292969,66.66667175292969,59.09090805053711,25,86.36363983154297,80.95238494873047,90,81.81818389892578,23.02734375,19327352832,1073741824,10743398400,132972544
201,1743250598290,4056,4056,4056,4056,4056,4056,4056,4056,4056,4056,4056,48.125,56.14353561401367,54.99223709106445,54.796783447265625,62.30413055419922,51.28444290161133,75,70,85.71428680419922,70,65,57.894737243652344,25,80,85,85.71428680419922,85,23.009614944458008,19327352832,1073741824,10743447552,132972544
205,1743250598491,4056,4056,4056,4056,4056,4056,4056,4056,4056,4056,4056,48.125,56.14353561401367,54.99223709106445,54.796783447265625,62.30413055419922,51.28444290161133,75,70,85,65,68.42105102539063,57.894737243652344,28.571430206298828,85,85,80,85,23.009614944458008,19327352832,1073741824,10743480320,132972544
204,1743250598697,4056,4056,4056,4056,4056,4056,4056,4056,4056,4056,4056,48.125,56.14353561401367,54.99223709106445,54.796783447265625,62.30413055419922,51.28444290161133,75,68.42105102539063,85.71428680419922,68.42105102539063,63.15789031982422,47.619049072265625,20,80,85,85.71428680419922,85,23.009614944458008,19327352832,1073741824,10743480320,132972544
200,1743250598901,4056,4056,4056,4056,4056,4056,4056,4056,4056,4056,4056,48.125,56.4423713684082,55.195613861083984,55.27154541015625,62.434547424316406,51.62792205810547,78.94737243652344,73.68421173095703,85,65,65,57.894737243652344,25,80,80.95238494873047,85,85,23.009614944458008,19327352832,1073741824,10743480320,132972544
207,1743250599102,4056,4056,4056,4056,4056,4056,4056,4056,4056,4056,4056,48.125,56.4423713684082,55.195613861083984,55.27154541015625,62.434547424316406,51.62792205810547,75,70,85,65,60.000003814697266,57.894737243652344,25,80.95238494873047,80,84.21052551269531,80,23.009614944458008,19327352832,1073741824,10743480320,132972544
203,1743250599310,4056,4056,4056,4056,4056,4056,4056,4056,4056,4056,4056,48.125,56.4423713684082,55.195613861083984,55.27154541015625,62.434547424316406,51.62792205810547,80,70,85,70,66.66667175292969,57.142860412597656,20,84.21052551269531,85.71428680419922,85.71428680419922,85,22.897598266601563,19327352832,1073741824,10743349248,132972544
201,1743250599514,4056,4056,4056,4056,4056,4056,4056,4056,4056,4056,4056,48.125,56.4423713684082,55.195613861083984,55.27154541015625,62.434547424316406,51.62792205810547,75,70,85.71428680419922,65,65,55,28.571430206298828,80.95238494873047,84.21052551269531,80,81.81818389892578,22.897598266601563,19327352832,1073741824,10743349248,132972544
201,1743250599716,4056,4056,4056,4056,4056,4056,4056,4056,4056,4056,4056,48.125,56.4423713684082,55.195613861083984,55.27154541015625,62.434547424316406,51.62792205810547,72.22222137451172,65,80,63.15789031982422,57.894737243652344,52.6315803527832,26.3157901763916,80,80,90,78.94737243652344,22.897598266601563,19327352832,1073741824,10743414784,132972544
209,1743250599917,4056,4056,4056,4056,4056,4056,4056,4056,4056,4056,4056,48.609375,56.83201599121094,55.611793518066406,55.58722686767578,62.912757873535156,51.9903678894043,75,73.68421173095703,78.94737243652344,65,65,60.000003814697266,28.571430206298828,84.21052551269531,80.95238494873047,85,85,22.897598266601563,19327352832,1073741824,10743431168,132972544
203,1743250600127,4056,4056,4056,4056,4056,4056,4056,4056,4056,4056,4056,48.609375,56.83201599121094,55.611793518066406,55.58722686767578,62.912757873535156,51.9903678894043,76.19047546386719,70,86.36363983154297,65,65,57.142860412597656,20,81.81818389892578,90.47618865966797,81.81818389892578,81.81818389892578,22.897598266601563,19327352832,1073741824,10743431168,132972544
204,1743250600330,4056,4056,4056,4056,4056,4056,4056,4056,4056,4056,4056,48.609375,56.83201599121094,55.611793518066406,55.58722686767578,62.912757873535156,51.9903678894043,70,65,78.94737243652344,65,60.000003814697266,57.894737243652344,30.000001907348633,85,75,85,78.94737243652344,22.902490615844727,19327352832,1073741824,10743349248,132972544
209,1743250600535,4056,4056,4056,4056,4056,4056,4056,4056,4056,4056,4056,48.609375,56.83201599121094,55.611793518066406,55.58722686767578,62.912757873535156,51.9903678894043,75,66.66667175292969,77.2727279663086,65,61.11111068725586,55,23.809524536132813,80.95238494873047,84.21052551269531,84.21052551269531,85.71428680419922,22.902490615844727,19327352832,1073741824,10740203520,132972544
203,1743250600745,4056,4056,4056,4056,4056,4056,4056,4056,4056,4056,4056,48.609375,56.83201599121094,55.611793518066406,55.58722686767578,62.912757873535156,51.9903678894043,75,70,85,65,66.66667175292969,61.904762268066406,19.047618865966797,90,81.81818389892578,85.71428680419922,85,22.902490615844727,19327352832,1073741824,10740187136,132972544
204,1743250600949,4056,4056,4056,4056,4056,4056,4056,4056,4056,4056,4056,49.078125,57.337432861328125,56.03310775756836,55.641998291015625,63.45539474487305,52.279319763183594,70,65,80,65,60.000003814697266,52.6315803527832,30.000001907348633,80,80,80.95238494873047,80,22.902490615844727,19327352832,1073741824,10740334592,132972544
205,1743250601153,4056,4056,4056,4056,4056,4056,4056,4056,4056,4056,4056,49.078125,57.337432861328125,56.03310775756836,55.641998291015625,63.45539474487305,52.279319763183594,75,70,85.71428680419922,65,65,60.000003814697266,25,85.71428680419922,85.71428680419922,85,85.71428680419922,22.902490615844727,19327352832,1073741824,10750951424,132972544
209,1743250601359,4056,4056,4056,4056,4056,4056,4056,4056,4056,4056,4056,49.078125,57.337432861328125,56.03310775756836,55.641998291015625,63.45539474487305,52.279319763183594,78.94737243652344,70,80,70,65,57.142860412597656,30.000001907348633,85.71428680419922,85,85,85,22.931066513061523,19327352832,1073741824,10750885888,132972544
205,1743250601568,4056,4056,4056,4056,4056,4056,4056,4056,4056,4056,4056,49.078125,57.337432861328125,56.03310775756836,55.641998291015625,63.45539474487305,52.279319763183594,71.42857360839844,70,85.71428680419922,65,60.000003814697266,52.38095474243164,19.047618865966797,80.95238494873047,85.71428680419922,85.71428680419922,80.95238494873047,22.931066513061523,19327352832,1073741824,10747445248,132972544
200,1743250601774,4056,4056,4056,4056,4056,4056,4056,4056,4056,4056,4056,49.078125,57.337432861328125,56.03310775756836,55.641998291015625,63.45539474487305,52.279319763183594,75,70,90,66.66667175292969,65,55.55555725097656,30.000001907348633,84.21052551269531,85,80,80,22.931066513061523,19327352832,1073741824,10747592704,132972544
205,1743250601975,4056,4056,4056,4056,4056,4056,4056,4056,4056,4056,4056,49.5625,57.707542419433594,56.48876190185547,56.4188346862793,63.94895935058594,52.523597717285156,78.94737243652344,68.42105102539063,85,66.66667175292969,65,60.000003814697266,25,85.71428680419922,84.21052551269531,85,85,22.931066513061523,19327352832,1073741824,10747641856,132972544
200,1743250602181,4056,4056,4056,4056,4056,4056,4056,4056,4056,4056,4056,49.5625,57.707542419433594,56.48876190185547,56.4188346862793,63.94895935058594,52.523597717285156,71.42857360839844,70,80,65,60.000003814697266,55,20,80,80.95238494873047,80.95238494873047,85.71428680419922,22.931066513061523,19327352832,1073741824,10747641856,132972544
206,1743250602381,4056,4056,4056,4056,4056,4056,4056,4056,4056,4056,4056,49.5625,57.707542419433594,56.48876190185547,56.4188346862793,63.94895935058594,52.523597717285156,73.68421173095703,68.42105102539063,80,65,61.11111068725586,55,28.571430206298828,85,80,78.94737243652344,84.21052551269531,22.817428588867188,19327352832,1073741824,10747740160,132972544
209,1743250602588,4056,4056,4056,4056,4056,4056,4056,4056,4056,4056,4056,49.5625,57.707542419433594,56.48876190185547,56.4188346862793,63.94895935058594,52.523597717285156,75,71.42857360839844,90,70,61.904762268066406,60.000003814697266,30.000001907348633,80.95238494873047,85.71428680419922,81.81818389892578,80.95238494873047,22.817428588867188,19327352832,1073741824,10747723776,132972544
199,1743250602798,4056,4056,4056,4056,4056,4056,4056,4056,4056,4056,4056,49.796875,58.0642204284668,56.650978088378906,56.698516845703125,64.01914978027344,52.722618103027344,76.19047546386719,70,81.81818389892578,61.904762268066406,66.66667175292969,55,22.72727394104004,85,80.95238494873047,85.71428680419922,85,22.817428588867188,19327352832,1073741824,10736533504,132972544
209,1743250602998,4056,4056,4056,4056,4056,4056,4056,4056,4056,4056,4056,49.796875,58.0642204284668,56.650978088378906,56.698516845703125,64.01914978027344,52.722618103027344,78.94737243652344,70,89.47368621826172,66.66667175292969,63.15789031982422,60.000003814697266,22.22222328186035,85,84.21052551269531,83.33332824707031,85.71428680419922,22.817428588867188,19327352832,1073741824,10736549888,132972544
209,1743250603208,4056,4056,4056,4056,4056,4056,4056,4056,4056,4056,4056,49.796875,58.0642204284668,56.650978088378906,56.698516845703125,64.01914978027344,52.722618103027344,71.42857360839844,70,76.19047546386719,66.66667175292969,61.904762268066406,55,28.571430206298828,76.19047546386719,77.2727279663086,81.81818389892578,85.71428680419922,22.817428588867188,19327352832,1073741824,10736549888,132972544
204,1743250603418,4056,4056,4056,4056,4056,4056,4056,4056,4056,4056,4056,49.796875,58.0642204284668,56.650978088378906,56.698516845703125,64.01914978027344,52.722618103027344,75,70,85,66.66667175292969,65,55,33.333335876464844,80.95238494873047,85,80.95238494873047,85.71428680419922,23.043054580688477,19327352832,1073741824,10736631808,132972544
209,1743250603623,4056,4056,4056,4056,4056,4056,4056,4056,4056,4056,4056,49.796875,58.0642204284668,56.650978088378906,56.698516845703125,64.01914978027344,52.722618103027344,75,63.15789031982422,85.71428680419922,65,63.15789031982422,60.000003814697266,23.809524536132813,80,80.95238494873047,85,89.47368621826172,23.043054580688477,19327352832,1073741824,10736631808,132972544
208,1743250603833,4056,4056,4056,4056,4056,4056,4056,4056,4056,4056,4056,50.046875,57.98033905029297,56.88226318359375,56.80615997314453,64.10678100585938,53.021827697753906,70,71.42857360839844,80.95238494873047,65,61.904762268066406,52.38095474243164,33.333335876464844,80.95238494873047,85,85,80.95238494873047,23.043054580688477,19327352832,1073741824,10736631808,132972544
208,1743250604042,4056,4056,4056,4056,4056,4056,4056,4056,4056,4056,4056,50.046875,57.98033905029297,56.88226318359375,56.80615997314453,64.10678100585938,53.021827697753906,80,71.42857360839844,85.71428680419922,65,66.66667175292969,55,25,85.71428680419922,85.71428680419922,85.71428680419922,85.71428680419922,23.043054580688477,19327352832,1073741824,10736631808,132972544
204,1743250604250,4056,4056,4056,4056,4056,4056,4056,4056,4056,4056,4056,50.046875,57.98033905029297,56.88226318359375,56.80615997314453,64.10678100585938,53.021827697753906,75,70,85,65,57.894737243652344,61.904762268066406,25,80,80.95238494873047,80.95238494873047,80.95238494873047,23.090442657470703,19327352832,1073741824,10736631808,132972544
206,1743250604455,4056,4056,4056,4056,4056,4056,4056,4056,4056,4056,4056,50.046875,57.98033905029297,56.88226318359375,56.80615997314453,64.10678100585938,53.021827697753906,70,68.42105102539063,80.95238494873047,70,65,52.6315803527832,28.571430206298828,85,85,90,80.95238494873047,23.090442657470703,19327352832,1073741824,10736599040,132972544
203,1743250604661,4056,4056,4056,4056,4056,4056,4056,4056,4056,4056,4056,50.046875,57.98033905029297,56.88226318359375,56.80615997314453,64.10678100585938,53.021827697753906,75,66.66667175292969,80,65,61.904762268066406,60.000003814697266,25,80.95238494873047,85,81.81818389892578,80,23.090442657470703,19327352832,1073741824,10736615424,132972544
209,1743250604865,4056,4056,4056,4056,4056,4056,4056,4056,4056,4056,4056,50.515625,58.38356018066406,57.333621978759766,57.057403564453125,64.77120208740234,53.3767204284668,76.19047546386719,73.68421173095703,90,71.42857360839844,70,55,33.333335876464844,85,85.71428680419922,89.47368621826172,89.47368621826172,23.090442657470703,19327352832,1073741824,10736615424,132972544
206,1743250605074,4056,4056,4056,4056,4056,4056,4056,4056,4056,4056,4056,50.515625,58.38356018066406,57.333621978759766,57.057403564453125,64.77120208740234,53.3767204284668,84.21052551269531,71.42857360839844,85.71428680419922,70,65,55,28.571430206298828,90.47618865966797,85.71428680419922,80.95238494873047,90.90909576416016,23.090442657470703,19327352832,1073741824,10736615424,132972544
208,1743250605281,4056,4056,4056,4056,4056,4056,4056,4056,4056,4056,4056,50.515625,58.38356018066406,57.333621978759766,57.057403564453125,64.77120208740234,53.3767204284668,71.42857360839844,65,85,65,63.15789031982422,57.142860412597656,21.052631378173828,80,80,85,80,22.930320739746094,19327352832,1073741824,10736615424,132972544
201,1743250605489,4056,4056,4056,4056,4056,4056,4056,4056,4056,4056,4056,50.515625,58.38356018066406,57.333621978759766,57.057403564453125,64.77120208740234,53.3767204284668,75,70,77.2727279663086,68.42105102539063,61.904762268066406,60.000003814697266,28.571430206298828,85.71428680419922,80.95238494873047,80,80,22.930320739746094,19327352832,1073741824,10736812032,132972544
203,1743250605691,4056,4056,4056,4056,4056,4056,4056,4056,4056,4056,4056,50.515625,58.38356018066406,57.333621978759766,57.057403564453125,64.77120208740234,53.3767204284668,75,73.68421173095703,89.47368621826172,65,68.42105102539063,57.894737243652344,35,85,85,85.71428680419922,85.71428680419922,22.930320739746094,19327352832,1073741824,10741481472,132972544
203,1743250605895,4056,4056,4056,4056,4056,4056,4056,4056,4056,4056,4056,51,58.97071075439453,57.55772018432617,57.518951416015625,64.90308380126953,53.713417053222656,78.94737243652344,70,85.71428680419922,70,66.66667175292969,60.000003814697266,23.809524536132813,85.71428680419922,84.21052551269531,85,85.71428680419922,22.930320739746094,19327352832,1073741824,10741858304,132972544
205,1743250606099,4056,4056,4056,4056,4056,4056,4056,4056,4056,4056,4056,51,58.97071075439453,57.55772018432617,57.518951416015625,64.90308380126953,53.713417053222656,75,70,78.94737243652344,65,63.15789031982422,60.000003814697266,42.85714340209961,84.21052551269531,80.95238494873047,80.95238494873047,80,22.930320739746094,19327352832,1073741824,10733043712,132972544
209,1743250606305,4056,4056,4056,4056,4056,4056,4056,4056,4056,4056,4056,51,58.97071075439453,57.55772018432617,57.518951416015625,64.90308380126953,53.713417053222656,75,70,80.95238494873047,65,60.000003814697266,57.142860412597656,25,76.19047546386719,85,84.21052551269531,89.47368621826172,22.80879020690918,19327352832,1073741824,10733076480,132972544
201,1743250606515,4056,4056,4056,4056,4056,4056,4056,4056,4056,4056,4056,51,58.97071075439453,57.55772018432617,57.518951416015625,64.90308380126953,53.713417053222656,75,70,85.71428680419922,66.66667175292969,65,50,21.052631378173828,85.71428680419922,80.95238494873047,85.71428680419922,85.71428680419922,22.80879020690918,19327352832,1073741824,10733092864,132972544
208,1743250606716,4056,4056,4056,4056,4056,4056,4056,4056,4056,4056,4056,51,58.97071075439453,57.55772018432617,57.518951416015625,64.90308380126953,53.713417053222656,76.19047546386719,71.42857360839844,84.21052551269531,68.42105102539063,65,60.000003814697266,28.571430206298828,85,85,85.71428680419922,80,22.80879020690918,19327352832,1073741824,10732994560,132972544
206,1743250606924,4056,4056,4056,4056,4056,4056,4056,4056,4056,4056,4056,51.234375,59.11544418334961,57.86682891845703,57.67422866821289,65.16523742675781,53.930049896240234,73.68421173095703,68.42105102539063,81.81818389892578,61.904762268066406,60.000003814697266,55,20,85.71428680419922,80.95238494873047,80,80.95238494873047,22.80879020690918,19327352832,1073741824,10733027328,132972544
209,1743250607131,4056,4056,4056,4056,4056,4056,4056,4056,4056,4056,4056,51.234375,59.11544418334961,57.86682891845703,57.67422866821289,65.16523742675781,53.930049896240234,76.19047546386719,72.7272720336914,80,70,66.66667175292969,60.000003814697266,25,85,85.71428680419922,85.71428680419922,85.71428680419922,22.80879020690918,19327352832,1073741824,10733256704,132972544
201,1743250607341,4056,4056,4056,4056,4056,4056,4056,4056,4056,4056,4056,51.234375,59.11544418334961,57.86682891845703,57.67422866821289,65.16523742675781,53.930049896240234,75,73.68421173095703,90,68.42105102539063,63.15789031982422,57.142860412597656,27.272727966308594,85.71428680419922,85.71428680419922,85,85,23.228042602539063,19327352832,1073741824,10733076480,132972544
209,1743250607542,4056,4056,4056,4056,4056,4056,4056,4056,4056,4056,4056,51.234375,59.11544418334961,57.86682891845703,57.67422866821289,65.16523742675781,53.930049896240234,73.68421173095703,68.42105102539063,80.95238494873047,65,61.904762268066406,52.6315803527832,20,85,84.21052551269531,80,80,23.228042602539063,19327352832,1073741824,10733076480,132972544
209,1743250607752,4056,4056,4056,4056,4056,4056,4056,4056,4056,4056,4056,51.234375,59.11544418334961,57.86682891845703,57.67422866821289,65.16523742675781,53.930049896240234,70,66.66667175292969,85,65,65,50,33.333335876464844,80.95238494873047,80.95238494873047,81.81818389892578,76.19047546386719,23.228042602539063,19327352832,1073741824,10733092864,132972544
205,1743250607962,4056,4056,4056,4056,4056,4056,4056,4056,4056,4056,4056,51.234375,59.590171813964844,58.16412353515625,58.20735168457031,65.47354888916016,54.20649719238281,76.19047546386719,71.42857360839844,81.81818389892578,66.66667175292969,65,57.142860412597656,23.809524536132813,80.95238494873047,85.71428680419922,85,85,23.228042602539063,19327352832,1073741824,10733092864,132972544
202,1743250608167,4056,4056,4056,4056,4056,4056,4056,4056,4056,4056,4056,51.234375,59.590171813964844,58.16412353515625,58.20735168457031,65.47354888916016,54.20649719238281,73.68421173095703,68.42105102539063,85,65,60.000003814697266,55,25,80,76.19047546386719,80.95238494873047,80.95238494873047,23.228042602539063,19327352832,1073741824,10733092864,132972544
209,1743250608370,4056,4056,4056,4056,4056,4056,4056,4056,4056,4056,4056,51.234375,59.590171813964844,58.16412353515625,58.20735168457031,65.47354888916016,54.20649719238281,70,66.66667175292969,80.95238494873047,65,63.15789031982422,57.894737243652344,25,90,80,85,80,23.085546493530273,19327352832,1073741824,10733092864,132972544
209,1743250608579,4056,4056,4056,4056,4056,4056,4056,4056,4056,4056,4056,51.234375,59.590171813964844,58.16412353515625,58.20735168457031,65.47354888916016,54.20649719238281,80,70,89.47368621826172,65,66.66667175292969,55,33.333335876464844,85.71428680419922,85,85,85.71428680419922,23.085546493530273,19327352832,1073741824,10732404736,132972544
209,1743250608789,4056,4056,4056,4056,4056,4056,4056,4056,4056,4056,4056,51.46875,59.697357177734375,58.1337776184082,58.239776611328125,65.29773712158203,54.42264938354492,76.19047546386719,68.42105102539063,80.95238494873047,70,65,61.904762268066406,20,85,80.95238494873047,86.36363983154297,80.95238494873047,23.085546493530273,19327352832,1073741824,10732404736,132972544
200,1743250608999,4056,4056,4056,4056,4056,4056,4056,4056,4056,4056,4056,51.46875,59.697357177734375,58.1337776184082,58.239776611328125,65.29773712158203,54.42264938354492,75,71.42857360839844,86.36363983154297,61.904762268066406,61.904762268066406,52.38095474243164,20,81.81818389892578,85.71428680419922,80,85.71428680419922,23.085546493530273,19327352832,1073741824,10732404736,132972544
208,1743250609200,4056,4056,4056,4056,4056,4056,4056,4056,4056,4056,4056,51.46875,59.697357177734375,58.1337776184082,58.239776611328125,65.29773712158203,54.42264938354492,75,75,84.21052551269531,73.68421173095703,65,61.11111068725586,33.333335876464844,84.21052551269531,85,85,85,23.085546493530273,19327352832,1073741824,10732404736,132972544
201,1743250609408,4056,4056,4056,4056,4056,4056,4056,4056,4056,4056,4056,51.46875,59.697357177734375,58.1337776184082,58.239776611328125,65.29773712158203,54.42264938354492,78.94737243652344,73.68421173095703,85.71428680419922,65,63.15789031982422,57.142860412597656,33.333335876464844,80,80.95238494873047,85.71428680419922,85,22.98798370361328,19327352832,1073741824,10732404736,132972544
204,1743250609609,4056,4056,4056,4056,4056,4056,4056,4056,4056,4056,4056,51.46875,59.697357177734375,58.1337776184082,58.239776611328125,65.29773712158203,54.42264938354492,75,65,85,65,65,52.6315803527832,21.052631378173828,80.95238494873047,84.21052551269531,80,90,22.98798370361328,19327352832,1073741824,10764107776,132972544
209,1743250609814,4056,4056,4056,4056,4056,4056,4056,4056,4056,4056,4056,51.71875,59.65998840332031,58.537147521972656,58.56153869628906,65.79825592041016,54.855140686035156,70,66.66667175292969,80.95238494873047,65,63.15789031982422,57.142860412597656,28.571430206298828,80,80.95238494873047,85,80,22.98798370361328,19327352832,1073741824,10763911168,132972544
199,1743250610024,4056,4056,4056,4056,4056,4056,4056,4056,4056,4056,4056,51.71875,59.65998840332031,58.537147521972656,58.56153869628906,65.79825592041016,54.855140686035156,75,70,80,66.66667175292969,63.6363639831543,57.894737243652344,19.047618865966797,81.81818389892578,80,85,90.47618865966797,22.98798370361328,19327352832,1073741824,10763714560,132972544
208,1743250610225,4056,4056,4056,4056,4056,4056,4056,4056,4056,4056,4056,51.71875,59.65998840332031,58.537147521972656,58.56153869628906,65.79825592041016,54.855140686035156,71.42857360839844,68.42105102539063,84.21052551269531,61.11111068725586,61.11111068725586,55,35,84.21052551269531,80.95238494873047,80.95238494873047,80,22.98798370361328,19327352832,1073741824,10763468800,132972544
208,1743250610433,4056,4056,4056,4056,4056,4056,4056,4056,4056,4056,4056,51.71875,59.65998840332031,58.537147521972656,58.56153869628906,65.79825592041016,54.855140686035156,75,70,81.81818389892578,66.66667175292969,70,61.904762268066406,23.809524536132813,85.71428680419922,85,85,85,22.856897354125977,19327352832,1073741824,10763272192,132972544
202,1743250610642,4056,4056,4056,4056,4056,4056,4056,4056,4056,4056,4056,51.71875,59.65998840332031,58.537147521972656,58.56153869628906,65.79825592041016,54.855140686035156,75,70,80,65,61.904762268066406,57.142860412597656,21.052631378173828,85.71428680419922,76.19047546386719,77.2727279663086,85.71428680419922,22.856897354125977,19327352832,1073741824,10757177344,132972544
203,1743250610845,4056,4056,4056,4056,4056,4056,4056,4056,4056,4056,4056,51.953125,60.25204849243164,58.74184799194336,58.63613510131836,65.9347152709961,55.107643127441406,78.94737243652344,70,85.71428680419922,70,60.000003814697266,52.6315803527832,28.571430206298828,84.21052551269531,90,84.21052551269531,90,22.856897354125977,19327352832,1073741824,10756980736,132972544
208,1743250611049,4056,4056,4056,4056,4056,4056,4056,4056,4056,4056,4056,51.953125,60.25204849243164,58.74184799194336,58.63613510131836,65.9347152709961,55.107643127441406,76.19047546386719,75,85,65,68.42105102539063,60.000003814697266,20,80.95238494873047,85,85,86.36363983154297,22.856897354125977,19327352832,1073741824,10756800512,132972544
207,1743250611257,4056,4056,4056,4056,4056,4056,4056,4056,4056,4056,4056,51.953125,60.25204849243164,58.74184799194336,58.63613510131836,65.9347152709961,55.107643127441406,75,65,95,70,61.904762268066406,55,28.571430206298828,85,80.95238494873047,85.71428680419922,84.21052551269531,23.277692794799805,19327352832,1073741824,10767237120,132972544
208,1743250611465,4056,4056,4056,4056,4056,4056,4056,4056,4056,4056,4056,51.953125,60.25204849243164,58.74184799194336,58.63613510131836,65.9347152709961,55.107643127441406,75,75,80.95238494873047,63.15789031982422,65,60.000003814697266,23.809524536132813,90.47618865966797,85.71428680419922,80,80.95238494873047,23.277692794799805,19327352832,1073741824,10767237120,132972544
203,1743250611674,4056,4056,4056,4056,4056,4056,4056,4056,4056,4056,4056,51.953125,60.25204849243164,58.74184799194336,58.63613510131836,65.9347152709961,55.107643127441406,75,66.66667175292969,90.47618865966797,66.66667175292969,65,55,25,80,85.71428680419922,81.81818389892578,85,23.277692794799805,19327352832,1073741824,10766336000,132972544
203,1743250611878,4056,4056,4056,4056,4056,4056,4056,4056,4056,4056,4056,51.953125,60.34271240234375,58.96668243408203,59.194984436035156,66.27716827392578,55.323726654052734,75,70,85,65,65,55,23.809524536132813,81.81818389892578,78.94737243652344,85,81.81818389892578,23.277692794799805,19327352832,1073741824,10766286848,132972544
208,1743250612082,4056,4056,4056,4056,4056,4056,4056,4056,4056,4056,4056,51.953125,60.34271240234375,58.96668243408203,59.194984436035156,66.27716827392578,55.323726654052734,75,70,80,68.42105102539063,60.000003814697266,57.142860412597656,26.3157901763916,84.21052551269531,85,85,85,23.277692794799805,19327352832,1073741824,10766286848,132972544
201,1743250612290,4056,4056,4056,4056,4056,4056,4056,4056,4056,4056,4056,51.953125,60.34271240234375,58.96668243408203,59.194984436035156,66.27716827392578,55.323726654052734,75,65,80.95238494873047,66.66667175292969,60.000003814697266,55.55555725097656,28.571430206298828,80,81.81818389892578,90.47618865966797,85,23.00634765625,19327352832,1073741824,10766286848,132972544
200,1743250612492,4056,4056,4056,4056,4056,4056,4056,4056,4056,4056,4056,51.953125,60.34271240234375,58.96668243408203,59.194984436035156,66.27716827392578,55.323726654052734,70,63.15789031982422,84.21052551269531,65,63.15789031982422,60.000003814697266,30.000001907348633,80.95238494873047,75,84.21052551269531,80,23.00634765625,19327352832,1073741824,10766286848,132972544
209,1743250612693,4056,4056,4056,4056,4056,4056,4056,4056,4056,4056,4056,51.953125,60.34271240234375,58.96668243408203,59.194984436035156,66.27716827392578,55.323726654052734,73.68421173095703,70,80,61.11111068725586,65,60.000003814697266,30.000001907348633,85,78.94737243652344,85.71428680419922,84.21052551269531,23.00634765625,19327352832,1073741824,10744348672,132972544
207,1743250612903,4056,4056,4056,4056,4056,4056,4056,4056,4056,4056,4056,52.1875,60.57352828979492,59.1153564453125,59.22588348388672,66.2633285522461,55.55399703979492,78.94737243652344,75,90.47618865966797,71.42857360839844,65,57.142860412597656,28.571430206298828,85.71428680419922,86.36363983154297,85,86.36363983154297,23.00634765625,19327352832,1073741824,10741366784,132972544
202,1743250613110,4056,4056,4056,4056,4056,4056,4056,4056,4056,4056,4056,52.1875,60.57352828979492,59.1153564453125,59.22588348388672,66.2633285522461,55.55399703979492,76.19047546386719,65,80.95238494873047,65,60.000003814697266,55,23.809524536132813,85,80,90.47618865966797,85,23.00634765625,19327352832,1073741824,10741366784,132972544
199,1743250613313,4056,4056,4056,4056,4056,4056,4056,4056,4056,4056,4056,52.1875,60.57352828979492,59.1153564453125,59.22588348388672,66.2633285522461,55.55399703979492,73.68421173095703,70,80.95238494873047,66.66667175292969,65,60.000003814697266,26.3157901763916,80,85,78.94737243652344,85,23.109371185302734,19327352832,1073741824,10741514240,132972544
207,1743250613514,4056,4056,4056,4056,4056,4056,4056,4056,4056,4056,4056,52.1875,60.57352828979492,59.1153564453125,59.22588348388672,66.2633285522461,55.55399703979492,80,73.68421173095703,84.21052551269531,70,68.42105102539063,55,20,85.71428680419922,85,85.71428680419922,85.71428680419922,23.109371185302734,19327352832,1073741824,10741514240,132972544
205,1743250613722,4056,4056,4056,4056,4056,4056,4056,4056,4056,4056,4056,52.1875,60.57352828979492,59.1153564453125,59.22588348388672,66.2633285522461,55.55399703979492,75,71.42857360839844,85.71428680419922,65,63.6363639831543,57.894737243652344,28.571430206298828,85,85.71428680419922,80,90,23.109371185302734,19327352832,1073741824,10741547008,132972544
207,1743250613928,4056,4056,4056,4056,4056,4056,4056,4056,4056,4056,4056,52.4375,60.76433181762695,59.517730712890625,59.27134323120117,66.81375885009766,55.82627868652344,75,68.42105102539063,80,63.15789031982422,63.15789031982422,55,25,80.95238494873047,75,80,80.95238494873047,23.109371185302734,19327352832,1073741824,10741399552,132972544
205,1743250614136,4056,4056,4056,4056,4056,4056,4056,4056,4056,4056,4056,52.4375,60.76433181762695,59.517730712890625,59.27134323120117,66.81375885009766,55.82627868652344,76.19047546386719,70,85.71428680419922,70,65,52.38095474243164,36.3636360168457,85,85,85.71428680419922,85,23.109371185302734,19327352832,1073741824,10741399552,132972544
206,1743250614342,4056,4056,4056,4056,4056,4056,4056,4056,4056,4056,4056,52.4375,60.76433181762695,59.517730712890625,59.27134323120117,66.81375885009766,55.82627868652344,70,66.66667175292969,85,61.904762268066406,61.904762268066406,52.6315803527832,26.3157901763916,80,85.71428680419922,80.95238494873047,80.95238494873047,23.21484375,19327352832,1073741824,10741399552,132972544
209,1743250614548,4056,4056,4056,4056,4056,4056,4056,4056,4056,4056,4056,52.4375,60.76433181762695,59.517730712890625,59.27134323120117,66.81375885009766,55.82627868652344,75,70,76.19047546386719,65,63.15789031982422,57.142860412597656,25,85.71428680419922,80.95238494873047,85,85,23.21484375,19327352832,1073741824,10741186560,132972544
205,1743250614758,4056,4056,4056,4056,4056,4056,4056,4056,4056,4056,4056,52.4375,60.76433181762695,59.517730712890625,59.27134323120117,66.81375885009766,55.82627868652344,76.19047546386719,70,85,65,61.904762268066406,57.142860412597656,27.272727966308594,85,80,80.95238494873047,86.36363983154297,23.21484375,19327352832,1073741824,10741350400,132972544
209,1743250614964,4056,4056,4056,4056,4056,4056,4056,4056,4056,4056,4056,52.671875,61.246028900146484,59.74212646484375,59.77116394042969,66.8878173828125,56.07670211791992,75,70,85.71428680419922,65,63.15789031982422,57.894737243652344,20,81.81818389892578,80.95238494873047,85,80,23.21484375,19327352832,1073741824,10741350400,132972544
209,1743250615174,4056,4056,4056,4056,4056,4056,4056,4056,4056,4056,4056,52.671875,61.246028900146484,59.74212646484375,59.77116394042969,66.8878173828125,56.07670211791992,75,71.42857360839844,85,70,61.904762268066406,60.000003814697266,28.571430206298828,90,85,80.95238494873047,89.47368621826172,23.21484375,19327352832,1073741824,10741350400,132972544
204,1743250615384,4056,4056,4056,4056,4056,4056,4056,4056,4056,4056,4056,52.671875,61.246028900146484,59.74212646484375,59.77116394042969,66.8878173828125,56.07670211791992,70,65,81.81818389892578,60.000003814697266,60.000003814697266,52.38095474243164,25,80,77.2727279663086,77.2727279663086,81.81818389892578,23.032102584838867,19327352832,1073741824,10741350400,132972544
201,1743250615588,4056,4056,4056,4056,4056,4056,4056,4056,4056,4056,4056,52.671875,61.246028900146484,59.74212646484375,59.77116394042969,66.8878173828125,56.07670211791992,75,70,85,66.66667175292969,63.15789031982422,55,25,80.95238494873047,80,89.47368621826172,80,23.032102584838867,19327352832,1073741824,10741350400,132972544
206,1743250615790,4056,4056,4056,4056,4056,4056,4056,4056,4056,4056,4056,53.140625,61.583065032958984,59.99333190917969,60.289573669433594,67.29542541503906,56.31697082519531,73.68421173095703,68.42105102539063,85.71428680419922,68.42105102539063,65,60.000003814697266,33.333335876464844,80,84.21052551269531,85.71428680419922,80.95238494873047,23.032102584838867,19327352832,1073741824,10741383168,132972544
206,1743250615997,4056,4056,4056,4056,4056,4056,4056,4056,4056,4056,4056,53.140625,61.583065032958984,59.99333190917969,60.289573669433594,67.29542541503906,56.31697082519531,70,65,80,65,61.904762268066406,55,25,80.95238494873047,81.81818389892578,80,85,23.032102584838867,19327352832,1073741824,10741383168,132972544
208,1743250616204,4056,4056,4056,4056,4056,4056,4056,4056,4056,4056,4056,53.140625,61.583065032958984,59.99333190917969,60.289573669433594,67.29542541503906,56.31697082519531,75,71.42857360839844,90,66.66667175292969,65,60.000003814697266,38.095237731933594,80,84.21052551269531,85,80,23.032102584838867,19327352832,1073741824,10741383168,132972544
201,1743250616412,4056,4056,4056,4056,4056,4056,4056,4056,4056,4056,4056,53.140625,61.583065032958984,59.99333190917969,60.289573669433594,67.29542541503906,56.31697082519531,76.19047546386719,70,85,68.42105102539063,65,55,23.809524536132813,85,86.36363983154297,85.71428680419922,86.36363983154297,23.05978775024414,19327352832,1073741824,10741383168,132972544
205,1743250616614,4056,4056,4056,4056,4056,4056,4056,4056,4056,4056,4056,53.140625,61.583065032958984,59.99333190917969,60.289573669433594,67.29542541503906,56.31697082519531,70,70,80,65,60.000003814697266,55,22.22222328186035,76.19047546386719,80,75,84.21052551269531,23.05978775024414,19327352832,1073741824,10741383168,132972544
205,1743250616819,4056,4056,4056,4056,4056,4056,4056,4056,4056,4056,4056,53.390625,61.5274543762207,60.33639144897461,60.23733139038086,67.701171875,56.51877975463867,75,70,85.71428680419922,65,63.15789031982422,55,28.571430206298828,85,85,85.71428680419922,80.95238494873047,23.05978775024414,19327352832,1073741824,10741334016,132972544
203,1743250617024,4056,4056,4056,4056,4056,4056,4056,4056,4056,4056,4056,53.390625,61.5274543762207,60.33639144897461,60.23733139038086,67.701171875,56.51877975463867,73.68421173095703,68.42105102539063,80,68.42105102539063,61.904762268066406,60.000003814697266,23.809524536132813,80.95238494873047,80.95238494873047,80,84.21052551269531,23.05978775024414,19327352832,1073741824,10741334016,132972544
200,1743250617228,4056,4056,4056,4056,4056,4056,4056,4056,4056,4056,4056,53.390625,61.5274543762207,60.33639144897461,60.23733139038086,67.701171875,56.51877975463867,75,70,85.71428680419922,65,60.000003814697266,60.000003814697266,25,85,84.21052551269531,85,76.19047546386719,23.05978775024414,19327352832,1073741824,10741334016,132972544
207,1743250617429,4056,4056,4056,4056,4056,4056,4056,4056,4056,4056,4056,53.390625,61.5274543762207,60.33639144897461,60.23733139038086,67.701171875,56.51877975463867,75,65,84.21052551269531,65,61.11111068725586,60.000003814697266,25,78.94737243652344,85.71428680419922,85,90,23.21484375,19327352832,1073741824,10741334016,132972544
204,1743250617637,4056,4056,4056,4056,4056,4056,4056,4056,4056,4056,4056,53.390625,61.5274543762207,60.33639144897461,60.23733139038086,67.701171875,56.51877975463867,75,70,80,65,61.904762268066406,57.894737243652344,33.333335876464844,81.81818389892578,80,75,85,23.21484375,19327352832,1073741824,10741334016,132972544
203,1743250617841,4056,4056,4056,4056,4056,4056,4056,4056,4056,4056,4056,53.390625,61.703880310058594,60.55376434326172,60.30463409423828,67.99693298339844,56.688777923583984,73.68421173095703,70,85.71428680419922,65,63.15789031982422,55,15.000000953674316,84.21052551269531,85.71428680419922,86.36363983154297,80.95238494873047,23.21484375,19327352832,1073741824,10741235712,132972544
206,1743250618044,4056,4056,4056,4056,4056,4056,4056,4056,4056,4056,4056,53.390625,61.703880310058594,60.55376434326172,60.30463409423828,67.99693298339844,56.688777923583984,75,68.42105102539063,80,65,65,55,31.57894515991211,85.71428680419922,80,84.21052551269531,80,23.21484375,19327352832,1073741824,10741153792,132972544
200,1743250618251,4056,4056,4056,4056,4056,4056,4056,4056,4056,4056,4056,53.390625,61.703880310058594,60.55376434326172,60.30463409423828,67.99693298339844,56.688777923583984,71.42857360839844,71.42857360839844,85.71428680419922,65,65,60.000003814697266,31.81818199157715,85,85,85,85.71428680419922,23.097993850708008,19327352832,1073741824,10741055488,132972544
201,1743250618452,4056,4056,4056,4056,4056,4056,4056,4056,4056,4056,4056,53.390625,61.703880310058594,60.55376434326172,60.30463409423828,67.99693298339844,56.688777923583984,73.68421173095703,72.22222137451172,80,68.42105102539063,63.15789031982422,60.000003814697266,21.052631378173828,85.71428680419922,80,80.95238494873047,80,23.097993850708008,19327352832,1073741824,10741055488,132972544
206,1743250618655,4056,4056,4056,4056,4056,4056,4056,4056,4056,4056,4056,53.390625,61.703880310058594,60.55376434326172,60.30463409423828,67.99693298339844,56.688777923583984,73.68421173095703,66.66667175292969,85,65,61.904762268066406,55,28.571430206298828,84.21052551269531,80,84.21052551269531,78.94737243652344,23.097993850708008,19327352832,1073741824,10741055488,132972544
203,1743250618862,4056,4056,4056,4056,4056,4056,4056,4056,4056,4056,4056,53.859375,62.441410064697266,60.79317092895508,60.69612503051758,68.13632202148438,56.88072967529297,75,68.42105102539063,80,66.66667175292969,65,57.894737243652344,26.3157901763916,85,85.71428680419922,80.95238494873047,85.71428680419922,23.097993850708008,19327352832,1073741824,10740776960,132972544
209,1743250619066,4056,4056,4056,4056,4056,4056,4056,4056,4056,4056,4056,53.859375,62.441410064697266,60.79317092895508,60.69612503051758,68.13632202148438,56.88072967529297,70,65,85,60.000003814697266,60.000003814697266,55,25,80.95238494873047,80,75,80,23.097993850708008,19327352832,1073741824,10740514816,132972544
203,1743250619275,4056,4056,4056,4056,4056,4056,4056,4056,4056,4056,4056,53.859375,62.441410064697266,60.79317092895508,60.69612503051758,68.13632202148438,56.88072967529297,71.42857360839844,70,81.81818389892578,63.15789031982422,63.15789031982422,55,27.272727966308594,80.95238494873047,80.95238494873047,80.95238494873047,81.81818389892578,22.869598388671875,19327352832,1073741824,10737434624,132972544
209,1743250619478,4056,4056,4056,4056,4056,4056,4056,4056,4056,4056,4056,53.859375,62.441410064697266,60.79317092895508,60.69612503051758,68.13632202148438,56.88072967529297,78.94737243652344,66.66667175292969,78.94737243652344,68.42105102539063,60.000003814697266,60.000003814697266,26.3157901763916,85,85,85,84.21052551269531,22.869598388671875,19327352832,1073741824,10737336320,132972544
209,1743250619688,4056,4056,4056,4056,4056,4056,4056,4056,4056,4056,4056,53.859375,62.441410064697266,60.79317092895508,60.69612503051758,68.13632202148438,56.88072967529297,75,70,81.81818389892578,63.6363639831543,61.904762268066406,60.000003814697266,27.272727966308594,80.95238494873047,85,80.95238494873047,80.95238494873047,22.869598388671875,19327352832,1073741824,10737319936,132972544
209,1743250619898,4056,4056,4056,4056,4056,4056,4056,4056,4056,4056,4056,53.859375,62.328800201416016,61.270545959472656,60.75376510620117,68.72496032714844,57.09258270263672,71.42857360839844,70,80,68.42105102539063,61.904762268066406,61.904762268066406,30.000001907348633,80,81.81818389892578,85.71428680419922,85.71428680419922,22.869598388671875,19327352832,1073741824,10737352704,132972544
208,1743250620108,4056,4056,4056,4056,4056,4056,4056,4056,4056,4056,4056,53.859375,62.328800201416016,61.270545959472656,60.75376510620117,68.72496032714844,57.09258270263672,76.19047546386719,65,85.71428680419922,66.66667175292969,63.15789031982422,52.38095474243164,27.272727966308594,85.71428680419922,85,80.95238494873047,85,22.869598388671875,19327352832,1073741824,10737745920,132972544
209,1743250620317,4056,4056,4056,4056,4056,4056,4056,4056,4056,4056,4056,53.859375,62.328800201416016,61.270545959472656,60.75376510620117,68.72496032714844,57.09258270263672,73.68421173095703,66.66667175292969,85.71428680419922,66.66667175292969,61.904762268066406,50,25,76.19047546386719,80.95238494873047,85,80.95238494873047,23.0877685546875,19327352832,1073741824,10737745920,132972544
209,1743250620526,4056,4056,4056,4056,4056,4056,4056,4056,4056,4056,4056,53.859375,62.328800201416016,61.270545959472656,60.75376510620117,68.72496032714844,57.09258270263672,76.19047546386719,71.42857360839844,85,70,65,55,19.047618865966797,81.81818389892578,90,85.71428680419922,85.71428680419922,23.0877685546875,19327352832,1073741824,10737745920,132972544
202,1743250620736,4056,4056,4056,4056,4056,4056,4056,4056,4056,4056,4056,53.859375,62.328800201416016,61.270545959472656,60.75376510620117,68.72496032714844,57.09258270263672,75,70,81.81818389892578,65,66.66667175292969,57.142860412597656,28.571430206298828,85,80.95238494873047,80.95238494873047,81.81818389892578,23.0877685546875,19327352832,1073741824,10737909760,132972544
207,1743250620940,4056,4056,4056,4056,4056,4056,4056,4056,4056,4056,4056,53.859375,62.2455940246582,60.9731330871582,60.990177154541016,68.2801742553711,57.154056549072266,76.19047546386719,68.42105102539063,85,65,60.000003814697266,52.6315803527832,30.000001907348633,84.21052551269531,80.95238494873047,80,85,23.0877685546875,19327352832,1073741824,10737909760,132972544
206,1743250621148,4056,4056,4056,4056,4056,4056,4056,4056,4056,4056,4056,53.859375,62.2455940246582,60.9731330871582,60.990177154541016,68.2801742553711,57.154056549072266,75,70,80.95238494873047,66.66667175292969,65,57.142860412597656,30.000001907348633,85.71428680419922,85,85.71428680419922,85,23.0877685546875,19327352832,1073741824,10748379136,132972544
204,1743250621355,4056,4056,4056,4056,4056,4056,4056,4056,4056,4056,4056,53.859375,62.2455940246582,60.9731330871582,60.990177154541016,68.2801742553711,57.154056549072266,75,70,85,70,63.15789031982422,60.000003814697266,28.571430206298828,80.95238494873047,85.71428680419922,85,80,22.992511749267578,19327352832,1073741824,10748248064,132972544
201,1743250621559,4056,4056,4056,4056,4056,4056,4056,4056,4056,4056,4056,53.859375,62.2455940246582,60.9731330871582,60.990177154541016,68.2801742553711,57.154056549072266,78.94737243652344,70,85,68.42105102539063,65,60.000003814697266,25,80.95238494873047,80,85.71428680419922,90,22.992511749267578,19327352832,1073741824,10748149760,132972544
202,1743250621761,4056,4056,4056,4056,4056,4056,4056,4056,4056,4056,4056,53.859375,62.2455940246582,60.9731330871582,60.990177154541016,68.2801742553711,57.154056549072266,75,68.42105102539063,80.95238494873047,65,60.000003814697266,52.6315803527832,30.000001907348633,85,80.95238494873047,80,76.19047546386719,22.992511749267578,19327352832,1073741824,10747969536,132972544
209,1743250621964,4056,4056,4056,4056,4056,4056,4056,4056,4056,4056,4056,54.34375,62.83824920654297,61.33183670043945,61.28754425048828,68.5923080444336,57.40555953979492,70,66.66667175292969,83.33332824707031,68.42105102539063,65,60.000003814697266,30.000001907348633,90,84.21052551269531,80.95238494873047,84.21052551269531,22.992511749267578,19327352832,1073741824,10747838464,132972544
205,1743250622174,4056,4056,4056,4056,4056,4056,4056,4056,4056,4056,4056,54.34375,62.83824920654297,61.33183670043945,61.28754425048828,68.5923080444336,57.40555953979492,75,70,77.2727279663086,60.000003814697266,57.894737243652344,60.000003814697266,28.571430206298828,76.19047546386719,85,84.21052551269531,80.95238494873047,22.992511749267578,19327352832,1073741824,10747641856,132972544
201,1743250622379,4056,4056,4056,4056,4056,4056,4056,4056,4056,4056,4056,54.34375,62.83824920654297,61.33183670043945,61.28754425048828,68.5923080444336,57.40555953979492,70,65,80.95238494873047,61.904762268066406,61.904762268066406,55,25,84.21052551269531,80.95238494873047,76.19047546386719,80.95238494873047,22.99475860595703,19327352832,1073741824,10747641856,132972544
203,1743250622581,4056,4056,4056,4056,4056,4056,4056,4056,4056,4056,4056,54.34375,62.83824920654297,61.33183670043945,61.28754425048828,68.5923080444336,57.40555953979492,73.68421173095703,68.42105102539063,85,68.42105102539063,65,57.894737243652344,28.571430206298828,85.71428680419922,78.94737243652344,85,84.21052551269531,22.99475860595703,19327352832,1073741824,10747641856,132972544
202,1743250622784,4056,4056,4056,4056,4056,4056,4056,4056,4056,4056,4056,54.34375,62.94694900512695,61.588165283203125,61.3767204284668,68.86214447021484,57.690147399902344,75,70,85,66.66667175292969,63.15789031982422,57.142860412597656,25,80,85.71428680419922,80,85.71428680419922,22.99475860595703,19327352832,1073741824,10747641856,132972544
204,1743250622987,4056,4056,4056,4056,4056,4056,4056,4056,4056,4056,4056,54.34375,62.94694900512695,61.588165283203125,61.3767204284668,68.86214447021484,57.690147399902344,78.94737243652344,70,90,72.22222137451172,65,52.6315803527832,25,85.71428680419922,80,80,84.21052551269531,22.99475860595703,19327352832,1073741824,10738270208,132972544
205,1743250623192,4056,4056,4056,4056,4056,4056,4056,4056,4056,4056,4056,54.34375,62.94694900512695,61.588165283203125,61.3767204284668,68.86214447021484,57.690147399902344,75,68.42105102539063,80,60.000003814697266,57.894737243652344,55,20,78.94737243652344,80.95238494873047,85.71428680419922,81.81818389892578,22.99475860595703,19327352832,1073741824,10738270208,132972544
200,1743250623397,4056,4056,4056,4056,4056,4056,4056,4056,4056,4056,4056,54.34375,62.94694900512695,61.588165283203125,61.3767204284668,68.86214447021484,57.690147399902344,71.42857360839844,70,80,70,66.66667175292969,61.904762268066406,30.000001907348633,90,85,80,84.21052551269531,23.084157943725586,19327352832,1073741824,10738319360,132972544
209,1743250623598,4056,4056,4056,4056,4056,4056,4056,4056,4056,4056,4056,54.34375,62.94694900512695,61.588165283203125,61.3767204284668,68.86214447021484,57.690147399902344,73.68421173095703,65,80.95238494873047,61.904762268066406,60.000003814697266,57.894737243652344,25,76.19047546386719,85,80.95238494873047,80,23.084157943725586,19327352832,1073741824,10738319360,132972544
203,1743250623808,4056,4056,4056,4056,4056,4056,4056,4056,4056,4056,4056,54.8125,63.142547607421875,61.78028106689453,61.7332649230957,68.89778900146484,57.89461898803711,75,71.42857360839844,85,70,65,60.000003814697266,28.571430206298828,85,80.95238494873047,85,85.71428680419922,23.084157943725586,19327352832,1073741824,10738319360,132972544
209,1743250624012,4056,4056,4056,4056,4056,4056,4056,4056,4056,4056,4056,54.8125,63.142547607421875,61.78028106689453,61.7332649230957,68.89778900146484,57.89461898803711,71.42857360839844,70,80.95238494873047,63.15789031982422,63.15789031982422,55,25,80.95238494873047,80,84.21052551269531,85,23.084157943725586,19327352832,1073741824,10738024448,132972544
200,1743250624222,4056,4056,4056,4056,4056,4056,4056,4056,4056,4056,4056,54.8125,63.142547607421875,61.78028106689453,61.7332649230957,68.89778900146484,57.89461898803711,75,70,85,65,60.000003814697266,57.142860412597656,30.000001907348633,80,81.81818389892578,81.81818389892578,81.81818389892578,23.084157943725586,19327352832,1073741824,10738073600,132972544
209,1743250624422,4056,4056,4056,4056,4056,4056,4056,4056,4056,4056,4056,54.8125,63.142547607421875,61.78028106689453,61.7332649230957,68.89778900146484,57.89461898803711,75,68.42105102539063,80,70,65,55.55555725097656,20,85,89.47368621826172,80,85,22.925617218017578,19327352832,1073741824,10738073600,132972544
209,1743250624632,4056,4056,4056,4056,4056,4056,4056,4056,4056,4056,4056,54.8125,63.142547607421875,61.78028106689453,61.7332649230957,68.89778900146484,57.89461898803711,72.22222137451172,66.66667175292969,81.81818389892578,66.66667175292969,59.09090805053711,54.54545593261719,27.272727966308594,77.2727279663086,85,85.71428680419922,85,22.925617218017578,19327352832,1073741824,10738106368,132972544
208,1743250624842,4056,4056,4056,4056,4056,4056,4056,4056,4056,4056,4056,55.0625,63.145172119140625,62.01607131958008,61.706642150878906,69.26741027832031,58.031219482421875,76.19047546386719,70,89.47368621826172,70,63.15789031982422,60.000003814697266,20,85,81.81818389892578,80,80.95238494873047,22.925617218017578,19327352832,1073741824,10738106368,132972544
209,1743250625051,4056,4056,4056,4056,4056,4056,4056,4056,4056,4056,4056,55.0625,63.145172119140625,62.01607131958008,61.706642150878906,69.26741027832031,58.031219482421875,71.42857360839844,70,81.81818389892578,61.904762268066406,65,55,33.333335876464844,85.71428680419922,85,80.95238494873047,85,22.925617218017578,19327352832,1073741824,10738368512,132972544
203,1743250625261,4056,4056,4056,4056,4056,4056,4056,4056,4056,4056,4056,55.0625,63.145172119140625,62.01607131958008,61.706642150878906,69.26741027832031,58.031219482421875,80,75,85,70,77.77777862548828,61.904762268066406,35,85.71428680419922,86.36363983154297,90.47618865966797,86.36363983154297,23.00918197631836,19327352832,1073741824,10738630656,132972544
199,1743250625464,4056,4056,4056,4056,4056,4056,4056,4056,4056,4056,4056,55.0625,63.145172119140625,62.01607131958008,61.706642150878906,69.26741027832031,58.031219482421875,75,70,80,68.42105102539063,65,60.000003814697266,33.333335876464844,84.21052551269531,89.47368621826172,80,80,23.00918197631836,19327352832,1073741824,10738417664,132972544
206,1743250625664,4056,4056,4056,4056,4056,4056,4056,4056,4056,4056,4056,55.0625,63.145172119140625,62.01607131958008,61.706642150878906,69.26741027832031,58.031219482421875,68.42105102539063,65,80,65,60.000003814697266,57.894737243652344,25,80.95238494873047,80,80,80,23.00918197631836,19327352832,1073741824,10738417664,132972544
204,1743250625871,4056,4056,4056,4056,4056,4056,4056,4056,4056,4056,4056,55.296875,63.39619445800781,62.159122467041016,61.86162185668945,69.32880401611328,58.13572311401367,75,70,85,65,60.000003814697266,52.6315803527832,26.3157901763916,80,80,85,85,23.00918197631836,19327352832,1073741824,10738417664,132972544
200,1743250626076,4056,4056,4056,4056,4056,4056,4056,4056,4056,4056,4056,55.296875,63.39619445800781,62.159122467041016,61.86162185668945,69.32880401611328,58.13572311401367,75,68.42105102539063,85.71428680419922,70,63.15789031982422,57.142860412597656,28.571430206298828,85.71428680419922,80.95238494873047,80.95238494873047,80,23.00918197631836,19327352832,1073741824,10738450432,132972544
209,1743250626277,4056,4056,4056,4056,4056,4056,4056,4056,4056,4056,4056,55.296875,63.39619445800781,62.159122467041016,61.86162185668945,69.32880401611328,58.13572311401367,75,68.42105102539063,80,61.11111068725586,60.000003814697266,55,25,80,80,85,85,22.899898529052734,19327352832,1073741824,10738450432,132972544
207,1743250626487,4056,4056,4056,4056,4056,4056,4056,4056,4056,4056,4056,55.296875,63.39619445800781,62.159122467041016,61.86162185668945,69.32880401611328,58.13572311401367,71.42857360839844,71.42857360839844,85,66.66667175292969,66.66667175292969,52.6315803527832,23.809524536132813,85,85,85,80.95238494873047,22.899898529052734,19327352832,1073741824,10738450432,132972544
205,1743250626694,4056,4056,4056,4056,4056,4056,4056,4056,4056,4056,4056,55.296875,63.39619445800781,62.159122467041016,61.86162185668945,69.32880401611328,58.13572311401367,80,70,81.81818389892578,66.66667175292969,65,57.142860412597656,25,86.36363983154297,81.81818389892578,80.95238494873047,90,22.899898529052734,19327352832,1073741824,10738450432,132972544
209,1743250626899,4056,4056,4056,4056,4056,4056,4056,4056,4056,4056,4056,55.53125,63.7647819519043,62.33977127075195,62.28071212768555,69.43348693847656,58.25699234008789,73.68421173095703,70,80,65,57.894737243652344,57.142860412597656,28.571430206298828,84.21052551269531,89.47368621826172,76.19047546386719,80,22.899898529052734,19327352832,1073741824,10738450432,132972544
208,1743250627109,4056,4056,4056,4056,4056,4056,4056,4056,4056,4056,4056,55.53125,63.7647819519043,62.33977127075195,62.28071212768555,69.43348693847656,58.25699234008789,80,66.66667175292969,85.71428680419922,70,61.904762268066406,57.894737243652344,20,81.81818389892578,85.71428680419922,85,81.81818389892578,22.899898529052734,19327352832,1073741824,10738434048,132972544
205,1743250627318,4056,4056,4056,4056,4056,4056,4056,4056,4056,4056,4056,55.53125,63.7647819519043,62.33977127075195,62.28071212768555,69.43348693847656,58.25699234008789,71.42857360839844,65,80,61.904762268066406,65,57.142860412597656,28.571430206298828,80,80.95238494873047,86.36363983154297,80,23.052608489990234,19327352832,1073741824,10738417664,132972544
201,1743250627523,4056,4056,4056,4056,4056,4056,4056,4056,4056,4056,4056,55.53125,63.7647819519043,62.33977127075195,62.28071212768555,69.43348693847656,58.25699234008789,75,66.66667175292969,80.95238494873047,63.15789031982422,60.000003814697266,60.000003814697266,30.000001907348633,85,80,80,80.95238494873047,23.052608489990234,19327352832,1073741824,10738499584,132972544
202,1743250627725,4056,4056,4056,4056,4056,4056,4056,4056,4056,4056,4056,55.53125,63.7647819519043,62.33977127075195,62.28071212768555,69.43348693847656,58.25699234008789,75,68.42105102539063,80,65,65,55.55555725097656,20,80,85,80,90,23.052608489990234,19327352832,1073741824,10738499584,132972544
202,1743250627927,4056,4056,4056,4056,4056,4056,4056,4056,4056,4056,4056,55.53125,63.70659255981445,62.59117889404297,62.22389602661133,69.70269775390625,58.44182586669922,75,70,84.21052551269531,70,63.15789031982422,57.142860412597656,25,89.47368621826172,80,85,78.94737243652344,23.052608489990234,19327352832,1073741824,10738499584,132972544
209,1743250628130,4056,4056,4056,4056,4056,4056,4056,4056,4056,4056,4056,55.53125,63.70659255981445,62.59117889404297,62.22389602661133,69.70269775390625,58.44182586669922,83.33332824707031,77.77777862548828,90,73.68421173095703,75,57.894737243652344,40,81.81818389892578,80.95238494873047,85,81.81818389892578,23.052608489990234,19327352832,1073741824,10739793920,132972544
206,1743250628339,4056,4056,4056,4056,4056,4056,4056,4056,4056,4056,4056,55.53125,63.70659255981445,62.59117889404297,62.22389602661133,69.70269775390625,58.44182586669922,70,71.42857360839844,80.95238494873047,65,60.000003814697266,60.000003814697266,28.571430206298828,90,85,85.71428680419922,85,23.06838035583496,19327352832,1073741824,10739793920,132972544
201,1743250628546,4056,4056,4056,4056,4056,4056,4056,4056,4056,4056,4056,55.53125,63.70659255981445,62.59117889404297,62.22389602661133,69.70269775390625,58.44182586669922,71.42857360839844,66.66667175292969,85.71428680419922,70,65,57.142860412597656,23.809524536132813,80.95238494873047,80.95238494873047,85,80,23.06838035583496,19327352832,1073741824,10739810304,132972544
209,1743250628748,4056,4056,4056,4056,4056,4056,4056,4056,4056,4056,4056,55.53125,63.70659255981445,62.59117889404297,62.22389602661133,69.70269775390625,58.44182586669922,75,68.42105102539063,85,65,65,57.894737243652344,21.052631378173828,84.21052551269531,85,85,85.71428680419922,23.06838035583496,19327352832,1073741824,10739810304,132972544
202,1743250628958,4056,4056,4056,4056,4056,4056,4056,4056,4056,4056,4056,55.53125,64.11161041259766,62.60111999511719,62.77215576171875,69.63276672363281,58.60800552368164,75,66.66667175292969,80,61.904762268066406,66.66667175292969,57.142860412597656,31.81818199157715,85.71428680419922,85,76.19047546386719,80,23.06838035583496,19327352832,1073741824,10739810304,132972544
203,1743250629161,4056,4056,4056,4056,4056,4056,4056,4056,4056,4056,4056,55.53125,64.11161041259766,62.60111999511719,62.77215576171875,69.63276672363281,58.60800552368164,75,73.68421173095703,80.95238494873047,65,60.000003814697266,63.15789031982422,31.57894515991211,80.95238494873047,80.95238494873047,75,84.21052551269531,23.06838035583496,19327352832,1073741824,10739728384,132972544
203,1743250629365,4056,4056,4056,4056,4056,4056,4056,4056,4056,4056,4056,55.53125,64.11161041259766,62.60111999511719,62.77215576171875,69.63276672363281,58.60800552368164,73.68421173095703,66.66667175292969,85,65,61.11111068725586,57.142860412597656,28.571430206298828,80,80,80.95238494873047,81.81818389892578,22.966772079467773,19327352832,1073741824,10739924992,132972544
205,1743250629569,4056,4056,4056,4056,4056,4056,4056,4056,4056,4056,4056,55.53125,64.11161041259766,62.60111999511719,62.77215576171875,69.63276672363281,58.60800552368164,75,72.22222137451172,80.95238494873047,68.42105102539063,61.904762268066406,57.894737243652344,25,85.71428680419922,85,80,84.21052551269531,22.966772079467773,19327352832,1073741824,10740039680,132972544
209,1743250629774,4056,4056,4056,4056,4056,4056,4056,4056,4056,4056,4056,55.53125,64.11161041259766,62.60111999511719,62.77215576171875,69.63276672363281,58.60800552368164,75,70,85,70,68.42105102539063,60.000003814697266,25,85,85.71428680419922,85,85.71428680419922,22.966772079467773,19327352832,1073741824,10740039680,132972544
207,1743250629984,4056,4056,4056,4056,4056,4056,4056,4056,4056,4056,4056,55.765625,64.38063049316406,63.06790542602539,62.8197021484375,70.11705017089844,58.92671203613281,71.42857360839844,65,80,61.904762268066406,61.904762268066406,52.38095474243164,23.809524536132813,80,85.71428680419922,80.95238494873047,80.95238494873047,22.966772079467773,19327352832,1073741824,10740039680,132972544
206,1743250630192,4056,4056,4056,4056,4056,4056,4056,4056,4056,4056,4056,55.765625,64.38063049316406,63.06790542602539,62.8197021484375,70.11705017089844,58.92671203613281,75,68.18181610107422,85.71428680419922,65,60.000003814697266,52.38095474243164,28.571430206298828,90.47618865966797,85,80,80.95238494873047,22.966772079467773,19327352832,1073741824,10739630080,132972544
204,1743250630399,4056,4056,4056,4056,4056,4056,4056,4056,4056,4056,4056,55.765625,64.38063049316406,63.06790542602539,62.8197021484375,70.11705017089844,58.92671203613281,75,68.42105102539063,85,70,70,52.6315803527832,20,85,80,80,90,23.195348739624023,19327352832,1073741824,10739646464,132972544
209,1743250630604,4056,4056,4056,4056,4056,4056,4056,4056,4056,4056,4056,55.765625,64.38063049316406,63.06790542602539,62.8197021484375,70.11705017089844,58.92671203613281,73.68421173095703,70,85.71428680419922,63.15789031982422,60.000003814697266,55,30.000001907348633,85.71428680419922,81.81818389892578,81.81818389892578,85,23.195348739624023,19327352832,1073741824,10739646464,132972544
202,1743250630814,4056,4056,4056,4056,4056,4056,4056,4056,4056,4056,4056,56.25,64.42176055908203,63.02245330810547,62.844635009765625,70.0091552734375,59.04480743408203,47.619049072265625,42.85714340209961,52.38095474243164,45.45454788208008,38.095237731933594,38.095237731933594,23.809524536132813,61.904762268066406,85,50,52.38095474243164,23.195348739624023,19327352832,1073741824,10739646464,132972544
205,1743250631017,4056,4056,4056,4056,4056,4056,4056,4056,4056,4056,4056,56.25,64.42176055908203,63.02245330810547,62.844635009765625,70.0091552734375,59.04480743408203,9.523809432983398,5,0,0,4.761904716491699,0,0,0,95,4.761904716491699,0,23.195348739624023,19327352832,1073741824,10739646464,132972544
6,1743250631223,4056,4056,4056,4056,4056,4056,4056,4056,4056,4056,4056,56.25,64.42176055908203,63.02245330810547,62.844635009765625,70.0091552734375,59.04480743408203,15.000000953674316,10,28.571430206298828,9.523809432983398,0,4.761904716491699,4.761904716491699,21.052631378173828,25,23.809524536132813,23.809524536132813,23.195348739624023,19327352832,1073741824,10742824960,132972544
